{
    "root_group": {
        "name": "",
        "path": "",
        "id": "d41d8cd98f00b204e9800998ecf8427e",
        "groups": {},
        "checks": {}
    },
    "metrics": {
        "http_req_duration{expected_response:true}": {
            "p(90)": 159.54294,
            "p(95)": 181.87536999999998,
            "avg": 110.2982770526594,
            "min": 71.4053,
            "med": 97.8899,
            "max": 556.965
        },
        "data_received": {
            "count": 197383485,
            "rate": 7810871.541626832
        },
        "http_req_connecting": {
            "med": 0,
            "max": 110.5686,
            "p(90)": 0,
            "p(95)": 0,
            "avg": 0.9843505437665784,
            "min": 0
        },
        "http_req_receiving": {
            "p(90)": 2.084590000000001,
            "p(95)": 2.9722149999999865,
            "avg": 1.8196988328912422,
            "min": 0,
            "med": 0.52765,
            "max": 161.3695
        },
        "data_sent": {
            "count": 1128084,
            "rate": 44640.61019170152
        },
        "vus": {
            "value": 99,
            "min": 1,
            "max": 99
        },
        "http_req_blocked": {
            "max": 382.0292,
            "p(90)": 0,
            "p(95)": 0,
            "avg": 2.0987247480106097,
            "min": 0,
            "med": 0
        },
        "http_req_failed": {
            "passes": 1,
            "fails": 7539,
            "value": 0.0001326259946949602
        },
        "iterations": {
            "count": 7540,
            "rate": 298.3733488334463
        },
        "iteration_duration": {
            "med": 100.78455,
            "max": 562.6952,
            "p(90)": 172.00514000000013,
            "p(95)": 199.83290499999993,
            "avg": 116.33658810344822,
            "min": 52.5138
        },
        "http_req_waiting": {
            "max": 555.7767,
            "p(90)": 157.11289000000002,
            "p(95)": 178.280645,
            "avg": 108.34281847480112,
            "min": 0,
            "med": 96.1719
        },
        "vus_max": {
            "value": 100,
            "min": 100,
            "max": 100
        },
        "http_reqs": {
            "rate": 298.3733488334463,
            "count": 7540
        },
        "http_req_duration": {
            "min": 0,
            "med": 97.88974999999999,
            "max": 556.965,
            "p(90)": 159.53767000000002,
            "p(95)": 181.87413499999997,
            "avg": 110.28364863395215
        },
        "http_req_tls_handshaking": {
            "p(90)": 0,
            "p(95)": 0,
            "avg": 1.0993058620689655,
            "min": 0,
            "med": 0,
            "max": 203.223
        },
        "http_req_sending": {
            "avg": 0.12113132625994667,
            "min": 0,
            "med": 0,
            "max": 83.7104,
            "p(90)": 0.5361300000000001,
            "p(95)": 0.5950199999999997
        }
    }
}